{
    "textEffects": [
		{ "name": "arcUp", "label": "Arc Up", "fxName": "arc", "paramName": "Angle", "paramValName": "a", "min": 10, "max": 360, "step": 10 },
		{ "name": "arcDown", "label": "Arc Down", "fxName": "arc", "paramName": "Angle", "paramValName": "a", "min": -10, "max": -360, "step": 10 },
        { "name": "backSlash", "label": "Back Slash", "paramName": "Angle", "paramValName": "a", "min": 0.1, "max": 80, "step": 0.1 },
        { "name": "frontSlash", "label": "Front Slash", "paramName": "Angle", "paramValName": "a", "min": 0.1, "max": 80, "step": 0.1 }
    ]
}